City,Latitude,Longitude,Maximum_Temp,Humidity,Cloudiness,Wind_Speed,Country,Date
rikitea,-23.1203,-134.9692,74.03,78.0,100.0,15.28,PF,1627436007.0
busselton,-33.65,115.3333,56.05,67.0,65.0,16.64,AU,1627436007.0
kudahuvadhoo,2.6708,72.8944,80.98,77.0,100.0,9.82,MV,1627436008.0
taolanaro,,,,,,,,
gubbio,43.3545,12.5725,70.25,35.0,65.0,14.0,IT,1627436008.0
grand river south east,,,,,,,,
west wendover,40.7391,-114.0733,92.41,26.0,1.0,13.8,US,1627435757.0
suntar,62.1444,117.6319,81.41,42.0,7.0,5.23,RU,1627436009.0
new norfolk,-42.7826,147.0587,56.91,67.0,52.0,4.0,AU,1627436009.0
qaanaaq,77.484,-69.3632,42.04,92.0,96.0,6.15,GL,1627436010.0
gerash,27.6652,54.1371,84.34,34.0,30.0,3.83,IR,1627436010.0
kruisfontein,-34.0033,24.7314,54.88,84.0,35.0,14.23,ZA,1627436010.0
hobart,-42.8794,147.3294,57.25,66.0,90.0,5.01,AU,1627435977.0
temuco,-38.7333,-72.6,37.17,97.0,0.0,2.66,CL,1627436011.0
ponta do sol,32.6667,-17.1,72.23,79.0,4.0,4.88,PT,1627436011.0
valparaiso,-33.0393,-71.6273,53.47,72.0,0.0,5.75,CL,1627436012.0
airai,-8.9266,125.4092,74.14,34.0,91.0,4.61,TL,1627436012.0
tazovskiy,67.4667,78.7,44.83,81.0,96.0,6.98,RU,1627436013.0
moron,-34.6534,-58.6198,48.09,65.0,75.0,8.99,AR,1627436013.0
nizhneyansk,,,,,,,,
thompson,55.7435,-97.8558,69.96,56.0,75.0,4.61,CA,1627436014.0
laguna,38.421,-121.4238,98.46,30.0,1.0,5.99,US,1627436014.0
cidreira,-30.1811,-50.2056,47.19,56.0,4.0,18.23,BR,1627436014.0
the valley,18.217,-63.0578,82.26,76.0,2.0,19.64,AI,1627436015.0
astipalaia,,,,,,,,
san vicente,-26.6167,-54.1333,36.19,61.0,0.0,4.25,AR,1627436015.0
lompoc,34.6391,-120.4579,78.01,78.0,90.0,11.5,US,1627436016.0
port lincoln,-34.7333,135.8667,55.62,60.0,22.0,25.46,AU,1627435806.0
northam,51.0333,-4.2167,61.66,91.0,28.0,10.78,GB,1627436016.0
puerto ayora,-0.7393,-90.3518,71.49,84.0,20.0,9.24,EC,1627436017.0
santiago del estero,-27.7951,-64.2615,40.8,38.0,4.0,3.44,AR,1627436017.0
rorvik,64.8621,11.2373,62.4,68.0,100.0,9.24,NO,1627436018.0
meulaboh,4.1363,96.1285,79.72,83.0,54.0,2.71,ID,1627436018.0
atuona,-9.8,-139.0333,78.01,68.0,0.0,17.72,PF,1627436018.0
xinpu,34.5997,119.1594,76.5,95.0,100.0,24.18,CN,1627436019.0
atherton,53.5237,-2.4935,62.15,95.0,100.0,1.99,GB,1627436019.0
yellowknife,62.456,-114.3525,61.32,44.0,40.0,13.8,CA,1627435806.0
komsomolskiy,40.4272,71.7189,81.32,36.0,2.0,4.61,UZ,1627436020.0
pyaozerskiy,65.8333,31.1667,58.05,67.0,27.0,7.4,RU,1627436020.0
shimoda,34.6667,138.95,82.76,73.0,96.0,12.53,JP,1627436021.0
taoudenni,22.6783,-3.9836,98.82,10.0,66.0,8.41,ML,1627436021.0
vestmannaeyjar,63.4427,-20.2734,53.2,85.0,36.0,3.38,IS,1627436021.0
warqla,,,,,,,,
waipawa,-41.4122,175.5153,54.45,64.0,0.0,2.55,NZ,1627436022.0
barra patuca,15.8,-84.2833,79.32,82.0,100.0,12.68,HN,1627436022.0
agapovka,53.2973,59.1348,56.41,76.0,24.0,4.5,RU,1627436023.0
punta arenas,-53.15,-70.9167,44.71,81.0,75.0,23.02,CL,1627435810.0
gorontalo,0.5412,123.0595,87.42,63.0,22.0,8.97,ID,1627436024.0
tahta,26.7693,31.5021,80.92,30.0,3.0,10.69,EG,1627436024.0
puerto del rosario,28.5004,-13.8627,73.15,73.0,82.0,12.66,ES,1627436024.0
ust-tsilma,65.441,52.1498,44.13,90.0,100.0,8.68,RU,1627436025.0
eyl,7.9803,49.8164,78.48,58.0,100.0,18.63,SO,1627436025.0
fort nelson,58.8053,-122.7002,65.79,59.0,75.0,16.11,CA,1627436026.0
camabatela,-8.1881,15.375,54.07,52.0,28.0,1.1,AO,1627436026.0
cayenne,4.9333,-52.3333,82.09,82.0,0.0,7.0,GF,1627436027.0
bredasdorp,-34.5322,20.0403,54.72,67.0,100.0,6.91,ZA,1627436027.0
bluff,-46.6,168.3333,52.81,70.0,33.0,9.26,NZ,1627436027.0
bombay,19.0144,72.8479,82.38,89.0,75.0,16.11,IN,1627435983.0
tasiilaq,65.6145,-37.6368,39.36,80.0,22.0,7.16,GL,1627436028.0
georgetown,5.4112,100.3354,84.88,80.0,20.0,3.0,MY,1627435947.0
mehamn,71.0357,27.8492,46.76,86.0,96.0,3.42,NO,1627436029.0
cabo san lucas,22.8909,-109.9124,92.61,64.0,1.0,8.99,MX,1627435863.0
mar del plata,-38.0023,-57.5575,46.13,67.0,90.0,11.99,AR,1627436029.0
tricase,39.9304,18.3553,79.32,59.0,0.0,5.23,IT,1627436030.0
inhambane,-23.865,35.3833,64.4,64.0,0.0,6.71,MZ,1627436030.0
duz,,,,,,,,
dikson,73.5069,80.5464,37.53,99.0,100.0,12.95,RU,1627436031.0
vila franca do campo,37.7167,-25.4333,68.41,88.0,10.0,7.76,PT,1627436031.0
kapaa,22.0752,-159.319,84.18,75.0,90.0,3.0,US,1627436032.0
mahebourg,-20.4081,57.7,67.24,94.0,75.0,17.27,MU,1627436032.0
uruzgan,32.8333,66.0,78.73,23.0,97.0,6.51,AF,1627436032.0
carnarvon,-24.8667,113.6333,66.27,55.0,100.0,8.05,AU,1627436033.0
kodiak,57.79,-152.4072,62.11,55.0,90.0,4.61,US,1627435996.0
leningradskiy,69.3833,178.4167,33.8,98.0,100.0,10.11,RU,1627436033.0
barentsburg,,,,,,,,
cap-aux-meules,47.3821,-61.8597,64.45,94.0,75.0,3.44,CA,1627436034.0
codrington,-38.2667,141.9667,49.05,84.0,100.0,21.23,AU,1627436035.0
wolbrom,50.3796,19.7583,70.02,85.0,19.0,4.09,PL,1627436035.0
illoqqortoormiut,,,,,,,,
umzimvubu,,,,,,,,
hermanus,-34.4187,19.2345,52.9,68.0,99.0,13.33,ZA,1627436036.0
nabire,-3.3667,135.4833,87.03,63.0,92.0,3.8,ID,1627436036.0
lebu,-37.6167,-73.65,45.86,80.0,0.0,21.88,CL,1627436037.0
hokitika,-42.7167,170.9667,52.63,86.0,100.0,4.92,NZ,1627436037.0
fortuna,40.5982,-124.1573,76.19,93.0,20.0,8.05,US,1627436037.0
vaini,-21.2,-175.2,69.96,83.0,75.0,8.05,TO,1627436038.0
albany,42.6001,-73.9662,68.14,92.0,100.0,1.52,US,1627435753.0
chuy,-33.6971,-53.4616,42.22,70.0,29.0,16.02,UY,1627436039.0
ushuaia,-54.8,-68.3,37.06,100.0,90.0,4.61,AR,1627435743.0
jamestown,42.097,-79.2353,72.72,78.0,1.0,5.12,US,1627435967.0
saint-philippe,-21.3585,55.7679,67.59,86.0,99.0,12.75,RE,1627436039.0
derzhavinsk,51.1,66.3167,64.13,41.0,6.0,9.6,KZ,1627436040.0
broome,42.2506,-75.833,68.58,97.0,40.0,1.01,US,1627436040.0
port alfred,-33.5906,26.891,60.94,85.0,16.0,15.01,ZA,1627436041.0
tuatapere,-46.1333,167.6833,52.83,62.0,33.0,0.56,NZ,1627436041.0
vaitupu,,,,,,,,
olafsvik,64.8945,-23.7142,51.22,87.0,100.0,14.23,IS,1627436041.0
oxelosund,58.6706,17.1015,64.78,100.0,90.0,4.61,SE,1627436042.0
jhudo,24.964,69.2968,83.1,76.0,100.0,19.6,PK,1627436043.0
birecik,37.0294,37.9903,79.81,38.0,0.0,19.89,TR,1627436043.0
mumbwa,-14.9783,27.0619,48.63,53.0,18.0,4.85,ZM,1627436043.0
mendahara,,,,,,,,
hamilton,39.1834,-84.5333,79.56,75.0,1.0,0.0,US,1627435923.0
severnyy-kospashskiy,59.0925,57.8008,47.61,98.0,100.0,7.56,RU,1627436045.0
cape town,-33.9258,18.4232,53.11,91.0,20.0,5.75,ZA,1627436046.0
arraial do cabo,-22.9661,-42.0278,70.61,83.0,0.0,22.39,BR,1627436046.0
mount gambier,-37.8333,140.7667,46.31,93.0,75.0,14.97,AU,1627436046.0
raga,8.4596,25.678,68.99,97.0,100.0,4.29,SS,1627436047.0
kaitangata,-46.2817,169.8464,53.92,52.0,92.0,1.28,NZ,1627436047.0
iqaluit,63.7506,-68.5145,49.73,61.0,40.0,10.0,CA,1627436048.0
panguna,-6.3164,155.4848,79.23,70.0,83.0,3.11,PG,1627436048.0
fairbanks,64.8378,-147.7164,66.54,80.0,90.0,8.05,US,1627436048.0
esperance,-33.8667,121.9,51.64,62.0,2.0,17.27,AU,1627436049.0
souillac,-20.5167,57.5167,67.35,94.0,75.0,17.27,MU,1627436049.0
makat,47.6469,53.3463,75.16,26.0,100.0,8.52,KZ,1627436050.0
kostino,58.9097,53.2691,49.15,81.0,100.0,7.25,RU,1627436050.0
upernavik,72.7868,-56.1549,50.25,72.0,97.0,10.42,GL,1627436051.0
latung,5.5,120.8833,84.25,79.0,58.0,15.82,PH,1627436051.0
port elizabeth,-33.918,25.5701,57.49,82.0,0.0,11.5,ZA,1627436051.0
neiafu,-18.65,-173.9833,77.68,83.0,90.0,4.61,TO,1627436052.0
rudnogorsk,57.2639,103.7519,81.34,36.0,0.0,1.3,RU,1627436052.0
ostrovnoy,68.0531,39.5131,52.36,80.0,100.0,4.63,RU,1627436053.0
nikolskoye,59.7035,30.7861,64.02,68.0,100.0,4.65,RU,1627436053.0
palabuhanratu,,,,,,,,
taksimo,56.3444,114.8794,79.9,41.0,72.0,1.05,RU,1627436054.0
mataura,-46.1927,168.8643,52.48,74.0,68.0,1.28,NZ,1627436054.0
aflu,,,,,,,,
pombal,-6.7703,-37.8017,77.25,61.0,20.0,8.86,BR,1627436055.0
loudi,27.7344,111.9944,90.09,55.0,0.0,4.74,CN,1627436055.0
tsihombe,,,,,,,,
saskylakh,71.9167,114.0833,64.78,42.0,20.0,19.73,RU,1627436056.0
hovd,48.0056,91.6419,72.59,35.0,0.0,0.83,MN,1627436056.0
dingle,10.9995,122.6711,86.5,68.0,65.0,17.69,PH,1627436056.0
port hardy,50.6996,-127.4199,64.58,68.0,40.0,11.5,CA,1627436057.0
itarema,-2.9248,-39.9167,77.94,83.0,13.0,14.92,BR,1627436057.0
narsaq,60.9167,-46.05,46.62,73.0,99.0,3.18,GL,1627436058.0
luderitz,-26.6481,15.1594,54.57,73.0,0.0,8.81,NA,1627436058.0
young,-32.6833,-57.6333,41.23,73.0,0.0,8.57,UY,1627436059.0
hasaki,35.7333,140.8333,88.29,81.0,100.0,20.54,JP,1627436059.0
le port,-20.9373,55.2919,68.0,79.0,13.0,5.44,RE,1627436059.0
ojinaga,29.5667,-104.4167,99.55,15.0,1.0,10.36,MX,1627436060.0
mweka,-4.85,21.5667,59.95,36.0,13.0,2.26,CD,1627436060.0
san quintin,30.4833,-115.95,71.11,80.0,1.0,13.44,MX,1627436061.0
vydrino,51.485,104.8461,58.23,79.0,30.0,2.66,RU,1627436061.0
litoral del san juan,,,,,,,,
castro,-24.7911,-50.0119,47.17,91.0,100.0,6.89,BR,1627435937.0
chapais,49.7834,-74.8492,53.38,62.0,77.0,3.56,CA,1627436062.0
evensk,61.95,159.2333,61.66,46.0,80.0,15.55,RU,1627436062.0
burica,,,,,,,,
honiara,-9.4333,159.95,84.81,72.0,96.0,8.59,SB,1627436063.0
ganzhou,28.8184,115.4327,90.1,60.0,6.0,3.53,CN,1627436063.0
berlevag,70.8578,29.0864,46.31,88.0,100.0,5.55,NO,1627436063.0
nanortalik,60.1432,-45.2371,44.65,83.0,100.0,5.3,GL,1627436064.0
cherskiy,68.75,161.3,38.97,73.0,100.0,19.6,RU,1627436064.0
provideniya,64.3833,-173.3,50.11,81.0,90.0,11.18,RU,1627436065.0
avarua,-21.2078,-159.775,77.05,65.0,30.0,5.75,CK,1627436065.0
ikalamavony,-21.15,46.5833,50.05,85.0,15.0,6.02,MG,1627436066.0
college,64.8569,-147.8028,64.38,81.0,90.0,10.36,US,1627436066.0
te anau,-45.4167,167.7167,51.82,72.0,96.0,2.98,NZ,1627436067.0
alta floresta,-9.8756,-56.0861,73.53,42.0,4.0,3.47,BR,1627435911.0
spencer,43.1414,-95.1444,89.71,70.0,1.0,4.61,US,1627436067.0
hilo,19.7297,-155.09,80.33,83.0,90.0,8.05,US,1627435848.0
sergeyevka,53.88,67.4158,60.75,68.0,60.0,9.51,KZ,1627436068.0
husavik,66.0449,-17.3389,49.91,99.0,100.0,10.18,IS,1627436068.0
sentyabrskiy,,,,,,,,
ewa beach,21.3156,-158.0072,85.95,56.0,40.0,13.8,US,1627435875.0
lokken verk,,,,,,,,
attawapiskat,,,,,,,,
taree,-31.9,152.4667,77.58,52.0,54.0,6.91,AU,1627436069.0
sitka,57.0531,-135.33,60.69,72.0,75.0,3.44,US,1627436070.0
casper,42.8666,-106.3131,93.79,14.0,1.0,8.01,US,1627436001.0
boa vista,2.8197,-60.6733,78.78,89.0,75.0,3.44,BR,1627436070.0
palauig,15.435,119.9045,82.08,86.0,100.0,13.2,PH,1627436071.0
sao gabriel da cachoeira,-0.1303,-67.0892,73.04,96.0,100.0,2.3,BR,1627436071.0
formoso do araguaia,,,,,,,,
sarankhola,22.3082,89.7897,77.59,98.0,100.0,8.21,BD,1627436072.0
ixtapa,20.7,-105.2,87.03,74.0,20.0,5.75,MX,1627436072.0
gorey,52.6747,-6.2925,55.71,93.0,12.0,7.05,IE,1627436072.0
dasoguz,41.8363,59.9666,73.35,38.0,0.0,6.91,TM,1627436073.0
kamenskoye,,,,,,,,
ilulissat,69.2167,-51.1,55.42,67.0,100.0,3.44,GL,1627436073.0
lincoln,40.8,-96.667,90.84,63.0,9.0,3.0,US,1627436074.0
sao jose da tapera,-9.5583,-37.3811,66.11,96.0,4.0,4.05,BR,1627436074.0
altay,47.8667,88.1167,69.67,48.0,0.0,5.28,CN,1627436075.0
tombouctou,20.0,-3.0,90.36,47.0,76.0,23.26,ML,1627436075.0
himare,40.1017,19.7447,73.38,50.0,0.0,2.89,AL,1627436076.0
santiago de cao,-7.9589,-79.2392,64.53,94.0,90.0,10.36,PE,1627436076.0
bethel,41.3712,-73.414,77.85,82.0,90.0,4.61,US,1627436077.0
kampot,10.6167,104.1833,82.45,74.0,92.0,11.21,KH,1627435817.0
banepa,27.6298,85.5214,68.32,100.0,75.0,0.0,NP,1627435886.0
mogotes,6.4756,-72.9705,61.29,95.0,99.0,1.01,CO,1627436077.0
klyuchi,52.2667,79.1667,60.91,56.0,81.0,5.01,RU,1627436078.0
sawakin,19.1059,37.3321,88.95,58.0,78.0,13.78,SD,1627436078.0
butaritari,3.0707,172.7902,81.64,72.0,100.0,4.54,KI,1627436078.0
saint george,37.1041,-113.5841,97.39,24.0,1.0,4.0,US,1627435924.0
acapulco,16.8634,-99.8901,84.02,70.0,75.0,4.61,MX,1627436079.0
salalah,17.0151,54.0924,78.89,94.0,90.0,9.22,OM,1627436079.0
barrow,71.2906,-156.7887,42.82,87.0,90.0,19.57,US,1627436080.0
east london,-33.0153,27.9116,64.8,78.0,1.0,14.7,ZA,1627436080.0
mayor pablo lagerenza,-19.9309,-60.7718,59.32,34.0,100.0,4.21,PY,1627436081.0
aasiaat,68.7098,-52.8699,40.96,85.0,100.0,7.0,GL,1627436081.0
samarai,-10.6167,150.6667,78.96,87.0,88.0,15.73,PG,1627436081.0
bambous virieux,-20.3428,57.7575,67.21,94.0,75.0,17.27,MU,1627436082.0
la ronge,55.1001,-105.2842,70.05,52.0,75.0,10.36,CA,1627436082.0
artyk,,,,,,,,
aguie,13.506,7.7786,74.21,79.0,78.0,12.08,NE,1627436083.0
pevek,69.7008,170.3133,37.18,89.0,98.0,8.43,RU,1627436083.0
khatanga,71.9667,102.5,83.93,42.0,8.0,18.84,RU,1627436084.0
sovik,65.9333,12.4667,66.18,64.0,99.0,16.22,NO,1627436084.0
uglegorsk,49.0833,142.0333,72.64,75.0,98.0,6.26,RU,1627436084.0
ust-maya,60.4167,134.5333,75.4,40.0,8.0,6.49,RU,1627436085.0
gilgit,35.9221,74.3087,88.11,50.0,19.0,3.42,PK,1627436085.0
mogochin,,,,,,,,
dukat,62.55,155.55,43.99,70.0,100.0,6.2,RU,1627436086.0
les cayes,18.2,-73.75,79.72,87.0,72.0,2.59,HT,1627436086.0
yulara,-25.2406,130.9889,67.84,42.0,90.0,8.05,AU,1627436087.0
faanui,-16.4833,-151.75,77.79,75.0,55.0,8.99,PF,1627436087.0
longyearbyen,78.2186,15.6401,42.64,93.0,75.0,9.22,SJ,1627436088.0
vanavara,60.34,102.2797,82.96,37.0,0.0,1.68,RU,1627436088.0
haibowan,,,,,,,,
los llanos de aridane,28.6585,-17.9182,69.55,88.0,90.0,14.97,ES,1627436089.0
la rinconada,37.4873,-5.9826,76.64,65.0,0.0,6.91,ES,1627436089.0
chagda,,,,,,,,
weiser,44.251,-116.9693,101.32,19.0,23.0,19.04,US,1627436089.0
maldonado,-34.6667,-54.9167,47.59,80.0,100.0,19.26,UY,1627435919.0
angoram,-4.0625,144.0661,90.28,55.0,10.0,3.11,PG,1627436090.0
sao filipe,14.8961,-24.4956,74.17,80.0,11.0,8.79,CV,1627436090.0
tiarei,-17.5333,-149.3333,80.01,70.0,70.0,8.28,PF,1627436091.0
bargal,,,,,,,,
cap malheureux,-19.9842,57.6142,67.46,91.0,100.0,4.0,MU,1627436091.0
samusu,,,,,,,,
gananoque,44.3334,-76.1661,64.4,92.0,4.0,2.8,CA,1627436092.0
hambantota,6.1241,81.1185,77.34,94.0,100.0,4.61,LK,1627436093.0
letlhakane,-21.4167,25.5833,45.86,64.0,0.0,8.21,BW,1627436093.0
okhansk,57.7186,55.3877,50.07,70.0,99.0,7.65,RU,1627436093.0
guerrero negro,27.9769,-114.0611,71.85,76.0,0.0,17.34,MX,1627436094.0
pakxan,18.3778,103.6601,80.92,84.0,100.0,1.68,LA,1627436094.0
fare,-16.7,-151.0167,77.76,75.0,18.0,9.53,PF,1627436095.0
kemijarvi,66.7131,27.4306,56.93,81.0,39.0,3.71,FI,1627436095.0
fallon,39.4735,-118.7774,90.43,22.0,75.0,17.27,US,1627436096.0
samalaeulu,,,,,,,,
road town,18.4167,-64.6167,81.19,75.0,9.0,17.85,VG,1627436096.0
tete,-16.1564,33.5867,66.29,77.0,75.0,3.44,MZ,1627436096.0
ancud,-41.8697,-73.8203,42.33,86.0,70.0,3.29,CL,1627436097.0
inderborskiy,,,,,,,,
severo-kurilsk,50.6789,156.125,58.84,91.0,100.0,7.14,RU,1627436097.0
abilene,32.4487,-99.7331,95.49,40.0,1.0,6.91,US,1627436098.0
araouane,18.9048,-3.5265,92.23,40.0,23.0,14.72,ML,1627436098.0
mirai,-21.1953,-42.6142,63.3,56.0,3.0,4.99,BR,1627436099.0
ontario,34.0633,-117.6509,99.63,37.0,20.0,1.99,US,1627436099.0
hobyo,5.3505,48.5268,76.37,77.0,100.0,19.66,SO,1627436099.0
nguiu,,,,,,,,
sertania,-8.0736,-37.2644,67.19,89.0,24.0,4.41,BR,1627436100.0
mampong,7.0627,-1.4001,68.02,95.0,100.0,6.08,GH,1627436100.0
prince rupert,54.3161,-130.3201,62.69,79.0,75.0,5.75,CA,1627436101.0
sidi ali,36.0998,0.4206,73.56,69.0,0.0,2.73,DZ,1627436101.0
tumannyy,,,,,,,,
de-kastri,51.4667,140.7833,77.81,72.0,91.0,5.14,RU,1627436103.0
mys shmidta,,,,,,,,
marawi,7.9986,124.2928,81.64,55.0,88.0,7.92,PH,1627436104.0
sola,-13.8833,167.55,79.43,79.0,37.0,22.7,VU,1627436104.0
coquimbo,-29.9533,-71.3436,51.53,93.0,0.0,1.14,CL,1627435942.0
itoman,26.1247,127.6694,88.18,82.0,75.0,11.5,JP,1627436104.0
shubarshi,48.5872,57.1869,69.28,37.0,100.0,13.87,KZ,1627436105.0
oussouye,12.485,-16.5469,79.32,79.0,100.0,7.31,SN,1627436105.0
toamasina,-18.1667,49.3833,62.6,88.0,75.0,6.91,MG,1627436105.0
jieshi,22.8134,115.8257,89.94,73.0,41.0,11.05,CN,1627436106.0
tungkang,,,,,,,,
dire,12.2833,-10.9667,75.45,93.0,97.0,1.7,ML,1627436106.0
novo aripuana,-5.1206,-60.3797,76.6,52.0,0.0,0.54,BR,1627436107.0
okhotsk,59.3833,143.3,61.56,83.0,93.0,12.12,RU,1627436107.0
victoria,22.2855,114.1577,92.97,83.0,99.0,11.99,HK,1627435923.0
yangambi,0.8102,24.4336,73.6,74.0,91.0,2.01,CD,1627436108.0
nuuk,64.1835,-51.7216,54.21,50.0,17.0,11.5,GL,1627436108.0
ituni,,,,,,,,
yichun,47.7,128.9,83.52,57.0,60.0,7.27,CN,1627436076.0
pisco,-13.7,-76.2167,62.65,82.0,0.0,17.27,PE,1627436109.0
ketchikan,55.3422,-131.6461,61.18,71.0,18.0,3.18,US,1627435886.0
la palma,33.8464,-118.0467,98.33,64.0,20.0,8.01,US,1627435979.0
xambioa,-6.4111,-48.5364,80.28,39.0,92.0,1.14,BR,1627436109.0
aksarka,66.5606,67.7975,45.66,95.0,100.0,12.62,RU,1627436110.0
tigil,57.8,158.6667,60.22,77.0,99.0,3.6,RU,1627436110.0
rio de janeiro,-22.9028,-43.2075,76.96,60.0,0.0,5.75,BR,1627435928.0
teacapan,22.55,-105.75,82.92,78.0,29.0,9.48,MX,1627436111.0
arlit,18.7369,7.3853,83.25,52.0,54.0,7.36,NE,1627436112.0
grindavik,63.8424,-22.4338,50.56,93.0,0.0,14.97,IS,1627436112.0
nouadhibou,20.931,-17.0347,69.78,83.0,22.0,21.85,MR,1627436112.0
phan rang,,,,,,,,
pemagatsel,27.0319,91.4266,67.69,89.0,100.0,0.76,BT,1627436113.0
caernarfon,53.1413,-4.2702,59.68,45.0,40.0,11.5,GB,1627436113.0
shadrinsk,56.0852,63.6335,52.29,65.0,5.0,10.54,RU,1627436114.0
margate,51.3813,1.3862,63.91,86.0,99.0,5.01,GB,1627436114.0
kieta,-6.2167,155.6333,84.13,69.0,98.0,3.87,PG,1627436115.0
nizwa,22.9333,57.5333,90.48,44.0,83.0,4.36,OM,1627436115.0
rancho palos verdes,33.7445,-118.387,93.52,82.0,20.0,5.01,US,1627436115.0
knysna,-34.0363,23.0471,55.78,86.0,100.0,9.55,ZA,1627436116.0
hithadhoo,-0.6,73.0833,80.46,78.0,72.0,8.86,MV,1627436116.0
kavaratti,10.5669,72.642,81.63,78.0,100.0,19.57,IN,1627436117.0
kungurtug,50.5994,97.5228,66.15,70.0,47.0,0.78,RU,1627436117.0
talara,-4.5772,-81.2719,67.57,90.0,54.0,14.99,PE,1627436117.0
dudinka,69.4058,86.1778,54.14,84.0,100.0,12.12,RU,1627436118.0
usinsk,65.9939,57.5281,43.03,93.0,100.0,15.1,RU,1627436118.0
novoagansk,61.9449,76.6625,58.89,80.0,100.0,8.37,RU,1627436119.0
mahajanga,-15.7167,46.3167,68.02,73.0,20.0,8.05,MG,1627436119.0
katsuura,35.1333,140.3,87.91,77.0,100.0,19.69,JP,1627436119.0
labuhan,-6.8844,112.2051,82.0,65.0,5.0,5.73,ID,1627436120.0
wilmington,34.2257,-77.9447,82.9,87.0,20.0,3.44,US,1627435650.0
anori,-3.7728,-61.6442,75.2,69.0,4.0,2.21,BR,1627436120.0
bengkulu,-3.8004,102.2655,80.24,67.0,68.0,3.56,ID,1627436121.0
marsh harbour,26.5412,-77.0636,83.68,74.0,50.0,7.16,BS,1627436121.0
aklavik,68.2191,-135.0107,63.43,72.0,100.0,4.34,CA,1627436121.0
vredendal,-31.6683,18.5012,55.8,88.0,100.0,2.13,ZA,1627436122.0
gloversville,43.0528,-74.3438,67.1,95.0,90.0,4.61,US,1627436122.0
hanmer springs,-42.5167,172.8167,55.15,55.0,3.0,3.85,NZ,1627436123.0
tiksi,71.6872,128.8694,41.54,80.0,21.0,14.18,RU,1627436123.0
engels,51.5,46.1167,70.47,49.0,2.0,1.99,RU,1627436124.0
minab,27.1467,57.0801,90.9,48.0,100.0,0.96,IR,1627436124.0
adrar,20.5022,-10.0711,86.41,32.0,100.0,11.74,MR,1627436124.0
along,28.1667,94.7667,84.97,70.0,56.0,0.58,IN,1627436125.0
takoradi,4.8845,-1.7554,75.02,85.0,98.0,9.82,GH,1627436125.0
tabiauea,,,,,,,,
maputo,-25.9653,32.5892,58.68,82.0,0.0,4.61,MZ,1627436126.0
maneadero,31.7167,-116.5667,72.93,74.0,23.0,6.44,MX,1627436126.0
pombas,17.1503,-25.0201,74.98,81.0,99.0,8.99,CV,1627436127.0
nome,64.5011,-165.4064,50.07,93.0,90.0,13.8,US,1627436127.0
udachnyy,66.4167,112.4,84.2,40.0,74.0,7.78,RU,1627436002.0
amderma,,,,,,,,
korla,41.7597,86.1469,91.45,15.0,6.0,11.95,CN,1627436128.0
panjwin,,,,,,,,
san patricio,28.017,-97.5169,86.72,65.0,30.0,8.57,US,1627436128.0
wolnzach,48.6038,11.6257,67.39,95.0,99.0,2.3,DE,1627436129.0
isangel,-19.55,169.2667,78.91,57.0,75.0,11.5,VU,1627436129.0
kangavar,34.5043,47.9653,73.49,24.0,0.0,1.59,IR,1627436130.0
keffi,8.8486,7.8736,71.98,94.0,87.0,0.58,NG,1627436130.0
tiszabercel,48.15,21.65,67.69,66.0,58.0,3.49,HU,1627436131.0
pokrovsk-uralskiy,,,,,,,,
kahului,20.8947,-156.47,87.82,74.0,40.0,25.32,US,1627436047.0
ottumwa,41.02,-92.4113,85.06,73.0,1.0,4.61,US,1627435871.0
kasulu,-4.5767,30.1025,61.16,57.0,6.0,2.28,TZ,1627436131.0
walvis bay,-22.9575,14.5053,57.09,76.0,0.0,4.61,NA,1627436132.0
meadow lake,34.8014,-106.5436,75.67,57.0,97.0,14.58,US,1627436132.0
pitea,65.3172,21.4794,57.29,69.0,72.0,3.15,SE,1627436133.0
mendoza,-32.8908,-68.8272,44.13,36.0,0.0,3.44,AR,1627436133.0
la macarena,2.1837,-73.7849,71.28,97.0,91.0,1.5,CO,1627436133.0
ambulu,-8.345,113.6058,80.6,63.0,4.0,4.61,ID,1627436134.0
colac,-38.3333,143.5833,58.15,82.0,100.0,17.74,AU,1627436135.0
man,7.4125,-7.5538,70.48,99.0,100.0,2.37,CI,1627436135.0
mackenzie,55.2999,-123.1698,68.22,34.0,75.0,5.75,CA,1627436136.0
inta,66.0317,60.1659,42.62,96.0,100.0,3.71,RU,1627436136.0
geraldton,-28.7667,114.6,64.13,88.0,75.0,10.36,AU,1627436137.0
ust-kuyga,70.0167,135.6,54.63,49.0,7.0,14.43,RU,1627436137.0
lavrentiya,65.5833,-171.0,44.17,99.0,100.0,10.27,RU,1627436137.0
owando,-0.4819,15.8999,73.74,46.0,81.0,1.03,CG,1627436138.0
morondava,-20.2833,44.2833,64.67,60.0,0.0,12.24,MG,1627436138.0
caravelas,-17.7125,-39.2481,72.18,84.0,0.0,7.63,BR,1627436139.0
saurimo,-9.6608,20.3916,52.07,40.0,58.0,5.1,AO,1627436139.0
ilo,-17.6394,-71.3375,59.47,83.0,56.0,6.06,PE,1627436039.0
stolbishche,55.6468,49.216,55.85,62.0,0.0,8.95,RU,1627436139.0
simav,39.0882,28.9777,62.96,68.0,0.0,6.44,TR,1627436140.0
namibe,-15.1961,12.1522,64.51,84.0,0.0,4.25,AO,1627436140.0
kawalu,-7.3817,108.2082,77.5,78.0,56.0,4.79,ID,1627436141.0
high level,58.5169,-117.136,71.71,49.0,75.0,3.44,CA,1627436141.0
klaksvik,62.2266,-6.589,50.92,96.0,99.0,4.54,FO,1627436141.0
tuktoyaktuk,69.4541,-133.0374,53.6,66.0,75.0,8.05,CA,1627436142.0
nokaneng,-19.6667,22.2667,45.5,56.0,0.0,5.86,BW,1627436142.0
oktyabrskiy,54.4815,53.471,53.62,77.0,14.0,3.49,RU,1627436143.0
makakilo city,21.3469,-158.0858,88.12,49.0,1.0,12.66,US,1627436143.0
shingu,33.7333,135.9833,83.39,54.0,99.0,3.33,JP,1627436143.0
sao felix do xingu,-6.6447,-51.995,72.9,47.0,0.0,1.63,BR,1627436144.0
cedar city,37.6775,-113.0619,83.17,34.0,1.0,16.11,US,1627436127.0
kavieng,-2.5744,150.7967,84.51,71.0,9.0,8.23,PG,1627436144.0
karratha,-20.7377,116.8463,74.97,51.0,7.0,5.95,AU,1627436145.0
vagur,61.4732,-6.8119,51.53,93.0,100.0,8.79,FO,1627436145.0
floro,61.5996,5.0328,66.24,100.0,75.0,0.0,NO,1627436146.0
khani,41.9563,42.9566,62.17,94.0,98.0,2.26,GE,1627436146.0
bilibino,68.0546,166.4372,42.93,79.0,100.0,2.44,RU,1627436147.0
alice springs,-23.7,133.8833,74.75,31.0,0.0,13.8,AU,1627435871.0
haines junction,60.7522,-137.5108,64.35,55.0,43.0,8.05,CA,1627436147.0
marcona,,,,,,,,
vila,42.0304,-8.1588,54.34,84.0,3.0,5.23,PT,1627436148.0
monrovia,6.3005,-10.7969,76.51,79.0,100.0,9.93,LR,1627436148.0
gimli,50.6336,-96.9907,82.44,65.0,0.0,12.66,CA,1627436149.0
akdepe,42.0551,59.3788,73.49,29.0,0.0,8.63,TM,1627436149.0
khonuu,,,,,,,,
alamosa,37.4695,-105.87,74.71,40.0,90.0,6.91,US,1627436149.0
tautira,-17.7333,-149.15,80.01,70.0,77.0,9.26,PF,1627436150.0
tual,-5.6667,132.75,80.74,82.0,99.0,15.57,ID,1627436150.0
nantucket,41.2835,-70.0995,78.1,90.0,1.0,6.91,US,1627436151.0
ribeira grande,38.5167,-28.7,72.03,85.0,52.0,9.28,PT,1627436151.0
batagay-alyta,67.8006,130.4114,52.43,50.0,32.0,15.7,RU,1627436152.0
corinto,37.9407,22.9573,84.45,45.0,0.0,4.25,GR,1627436152.0
constitucion,-35.3333,-72.4167,45.09,77.0,0.0,7.11,CL,1627436152.0
lata,40.1629,-8.3327,61.92,98.0,25.0,1.41,PT,1627436153.0
port blair,11.6667,92.75,82.81,83.0,100.0,19.39,IN,1627436153.0
basudebpur,21.1353,86.7386,78.78,87.0,100.0,13.65,IN,1627436154.0
koumac,-20.5667,164.2833,74.01,53.0,0.0,6.53,NC,1627436154.0
colquechaca,-18.6667,-66.0167,28.27,58.0,10.0,2.17,BO,1627436154.0
grand gaube,-20.0064,57.6608,67.37,91.0,100.0,4.0,MU,1627436155.0
saint-augustin,51.226,-58.6502,60.4,99.0,100.0,7.67,CA,1627436155.0
anadyr,64.75,177.4833,50.5,93.0,75.0,21.99,RU,1627436156.0
chacabuco,-34.6417,-60.4739,45.81,56.0,6.0,14.29,AR,1627435859.0
berezovyy,51.6667,135.7,71.1,91.0,100.0,1.48,RU,1627436156.0
clyde river,70.4692,-68.5914,46.63,81.0,90.0,8.05,CA,1627436157.0
mergui,,,,,,,,
sawtell,-30.3833,153.1,73.18,52.0,2.0,11.5,AU,1627436157.0
opuwo,-18.0607,13.84,54.28,34.0,0.0,6.46,NA,1627436158.0
shahr-e babak,30.1165,55.1186,72.95,21.0,17.0,9.42,IR,1627436158.0
goderich,43.7501,-81.7165,68.92,83.0,0.0,0.0,CA,1627435923.0
norman wells,65.282,-126.8329,69.84,52.0,75.0,0.0,CA,1627436159.0
marsa matruh,31.3525,27.2453,79.0,78.0,0.0,5.75,EG,1627436159.0
saint anthony,45.0205,-93.218,89.53,68.0,20.0,4.0,US,1627436159.0
bolshoy uluy,,,,,,,,
robertsport,6.7533,-11.3686,77.36,80.0,100.0,12.97,LR,1627436160.0
south yarmouth,41.6668,-70.1847,77.14,75.0,1.0,7.0,US,1627436161.0
sansai,,,,,,,,
albert town,18.2943,-77.5424,75.7,92.0,100.0,0.76,JM,1627436161.0
adre,13.4667,22.2,71.28,88.0,100.0,4.97,TD,1627436162.0
santa cruz,-17.8,-63.1667,62.06,29.0,90.0,17.27,BO,1627436162.0
bull savanna,17.8868,-77.5902,77.31,84.0,100.0,3.87,JM,1627436162.0
batemans bay,-35.7167,150.1833,70.11,46.0,85.0,14.03,AU,1627436163.0
plainview,40.7765,-73.4673,80.28,62.0,1.0,1.99,US,1627436163.0
evanston,42.0411,-87.6901,84.2,64.0,20.0,1.99,US,1627435906.0
torbay,47.6666,-52.7314,66.97,96.0,90.0,13.8,CA,1627436129.0
parabel,58.6978,81.4825,63.61,58.0,61.0,8.99,RU,1627436164.0
moerai,-22.4333,-151.3333,74.28,70.0,82.0,11.45,PF,1627436164.0
luwuk,-0.9516,122.7875,84.79,69.0,93.0,6.4,ID,1627436165.0
chokurdakh,70.6333,147.9167,49.71,46.0,70.0,13.6,RU,1627436165.0
inyonga,-6.7167,32.0667,55.47,46.0,0.0,4.61,TZ,1627436166.0
mount isa,-20.7333,139.5,80.37,36.0,3.0,12.66,AU,1627436166.0
ugoofaaru,5.6667,73.0,82.45,76.0,69.0,14.94,MV,1627436167.0
suoyarvi,62.0833,32.35,57.29,94.0,99.0,4.03,RU,1627436167.0
torit,4.4133,32.5678,67.93,96.0,76.0,1.81,SS,1627436168.0
riese,,,,,,,,
aguimes,27.9054,-15.4461,69.66,78.0,75.0,23.02,ES,1627436168.0
katangli,51.7102,143.2326,65.64,95.0,100.0,2.48,RU,1627436169.0
rock sound,24.9,-76.2,83.39,74.0,72.0,7.2,BS,1627436169.0
padang,-0.9492,100.3543,81.77,78.0,88.0,1.45,ID,1627436169.0
chemal,51.4111,86.005,56.66,93.0,100.0,1.63,RU,1627436170.0
salmas,38.1973,44.7653,68.99,61.0,0.0,2.33,IR,1627436170.0
kitale,1.0157,35.0062,53.96,97.0,96.0,2.17,KE,1627436171.0
poum,-20.2333,164.0167,72.55,59.0,8.0,13.85,NC,1627436171.0
rio gallegos,-51.6226,-69.2181,41.05,87.0,75.0,9.22,AR,1627436172.0
sagua de tanamo,20.5819,-75.2414,77.68,95.0,88.0,2.91,CU,1627436172.0
wynyard,-41.0,145.7167,52.95,80.0,100.0,17.56,AU,1627436172.0
port moresby,-9.4431,147.1797,85.42,70.0,75.0,11.5,PG,1627435997.0
bar-le-duc,48.75,5.1667,59.81,95.0,90.0,10.31,FR,1627436173.0
el faiyum,,,,,,,,
mouzakion,,,,,,,,
simga,21.6333,81.7,76.57,87.0,100.0,10.38,IN,1627436174.0
mitu,1.1983,-70.1733,71.85,97.0,100.0,1.92,CO,1627436174.0
bani walid,31.7566,13.9942,68.43,86.0,0.0,3.62,LY,1627436174.0
alangudi,10.3606,78.9849,80.62,58.0,100.0,5.01,IN,1627436175.0
hualmay,-11.0964,-77.6139,63.91,86.0,43.0,11.59,PE,1627436175.0
imbituba,-28.24,-48.6703,55.29,69.0,33.0,16.73,BR,1627436176.0
ternate,0.8,127.4,84.4,71.0,26.0,6.11,ID,1627436176.0
belushya guba,,,,,,,,
camacha,33.0833,-16.3333,68.76,73.0,75.0,12.66,PT,1627436177.0
xingcheng,40.6167,120.7167,83.73,58.0,94.0,1.86,CN,1627436177.0
zhangye,38.9342,100.4517,81.45,21.0,16.0,4.16,CN,1627436178.0
riyadh,24.6877,46.7219,96.94,15.0,46.0,15.39,SA,1627436178.0
norsup,-16.0667,167.3833,79.23,75.0,46.0,17.52,VU,1627436178.0
damietta,31.4165,31.8133,82.29,72.0,0.0,9.73,EG,1627435967.0
coihaique,-45.5752,-72.0662,37.35,81.0,0.0,4.61,CL,1627436179.0
raudeberg,61.9875,5.1352,61.2,92.0,100.0,6.42,NO,1627436179.0
general pico,-35.6566,-63.7568,39.65,53.0,21.0,13.0,AR,1627436180.0
haimen,23.1935,116.6142,91.29,68.0,48.0,8.97,CN,1627436180.0
southampton,50.904,-1.4043,62.85,94.0,13.0,1.99,GB,1627436180.0
prabumulih,-3.45,104.25,79.92,64.0,57.0,5.3,ID,1627436181.0
portland,45.5234,-122.6762,89.64,42.0,20.0,1.01,US,1627436131.0
nawa,27.0167,75.0,79.0,86.0,100.0,14.12,IN,1627436181.0
ossora,59.2353,163.0719,63.07,64.0,100.0,5.06,RU,1627436182.0
maloshuyka,,,,,,,,
yeppoon,-23.1333,150.7333,73.18,56.0,84.0,6.64,AU,1627436182.0
yerbogachen,61.2767,108.0108,82.08,42.0,4.0,9.75,RU,1627436183.0
mutoko,-17.397,32.2268,42.67,93.0,0.0,3.91,ZW,1627436183.0
daru,-9.0763,143.2092,77.05,91.0,99.0,12.55,PG,1627436184.0
vila velha,-20.3297,-40.2925,73.35,83.0,0.0,9.22,BR,1627436184.0
mabaruma,8.2,-59.7833,74.28,98.0,66.0,2.68,GY,1627436184.0
shiraz,29.6036,52.5388,74.64,23.0,20.0,0.0,IR,1627436185.0
phatthalung,7.5,100.0833,84.15,66.0,59.0,8.52,TH,1627436186.0
azimur,,,,,,,,
lazaro cardenas,17.9583,-102.2,81.57,81.0,92.0,1.59,MX,1627436186.0
tezu,27.9167,96.1667,87.58,62.0,74.0,1.25,IN,1627436187.0
urengoy,65.9667,78.3667,52.9,76.0,71.0,5.75,RU,1627436187.0
bainbridge,47.6262,-122.5212,86.61,49.0,1.0,3.0,US,1627436187.0
port hedland,-20.3167,118.5667,73.45,73.0,27.0,3.44,AU,1627436188.0
auki,-8.7676,160.7034,85.95,60.0,95.0,2.95,SB,1627436188.0
morro bay,35.3658,-120.8499,74.21,76.0,22.0,5.99,US,1627436189.0
egvekinot,66.3167,-179.1667,39.94,90.0,100.0,10.98,RU,1627436189.0
derac,19.65,-71.8167,79.05,80.0,78.0,4.99,HT,1627436190.0
bathsheba,13.2167,-59.5167,81.21,78.0,20.0,16.11,BB,1627436190.0
beira,-19.8436,34.8389,59.09,100.0,20.0,4.61,MZ,1627436190.0
havre-saint-pierre,50.2334,-63.5986,57.56,94.0,40.0,3.44,CA,1627436191.0
chalus,36.655,51.4204,78.26,89.0,75.0,4.61,IR,1627436191.0
kvareli,41.9524,45.8151,68.27,91.0,100.0,4.74,GE,1627436192.0
gedo,9.0167,37.45,51.69,99.0,100.0,2.04,ET,1627436192.0
bloomingdale,27.8936,-82.2404,85.91,91.0,1.0,1.99,US,1627436192.0
andra,62.5147,65.8878,47.64,70.0,17.0,6.58,RU,1627436193.0
tambacounda,13.7539,-13.7586,86.05,74.0,20.0,4.61,SN,1627436193.0
havre,49.5833,0.3333,60.57,88.0,90.0,16.11,FR,1627436194.0
kavkazskiy,44.2672,42.2347,56.73,93.0,100.0,7.07,RU,1627436194.0
lufilufi,-13.8745,-171.5986,87.58,72.0,57.0,13.24,WS,1627436195.0
hingatungan,10.584,125.1852,88.29,62.0,99.0,10.94,PH,1627436195.0
dayong,25.0209,118.2898,87.48,58.0,8.0,2.35,CN,1627436196.0
praya,14.9215,-23.5087,77.54,78.0,75.0,8.05,CV,1627436196.0
lasa,46.6166,10.7002,62.06,94.0,68.0,3.04,IT,1627436196.0
saldanha,-33.0117,17.9442,53.65,67.0,100.0,5.82,ZA,1627436197.0
tarko-sale,64.9225,77.785,55.49,70.0,100.0,13.71,RU,1627436197.0
cahors,44.4167,1.3333,62.1,97.0,99.0,1.77,FR,1627436198.0
guiyang,26.5833,106.7167,75.69,78.0,0.0,4.47,CN,1627436198.0
flin flon,54.7682,-101.865,69.62,60.0,1.0,4.21,CA,1627436198.0
soc trang,9.6033,105.98,80.56,66.0,52.0,14.65,VN,1627436199.0
roma,43.2128,-75.4557,69.66,96.0,54.0,3.76,US,1627436199.0
moree,-29.4667,149.85,64.42,59.0,1.0,17.27,AU,1627436199.0
lima,-12.0432,-77.0282,61.14,88.0,90.0,10.36,PE,1627435920.0
santa maria,-29.6842,-53.8069,42.1,61.0,0.0,9.22,BR,1627436200.0
tessalit,20.1986,1.0114,85.93,44.0,87.0,11.41,ML,1627436200.0
san buenaventura,27.0833,-101.5333,86.47,49.0,2.0,15.01,MX,1627436201.0
biak,-0.9131,122.8766,81.75,71.0,89.0,6.98,ID,1627436202.0
ajdabiya,30.7554,20.2263,77.02,53.0,0.0,3.38,LY,1627436202.0
vestmanna,62.1564,-7.1664,49.12,100.0,90.0,4.61,FO,1627436202.0
paradwip,,,,,,,,
kamaishi,39.2667,141.8833,76.15,94.0,100.0,18.77,JP,1627436203.0
bhatkal,13.9667,74.5667,79.03,86.0,100.0,11.56,IN,1627436204.0
saleaula,,,,,,,,
kushima,31.4583,131.2333,87.31,58.0,0.0,4.72,JP,1627436204.0
muisne,0.6,-80.0333,75.58,85.0,100.0,6.24,EC,1627436205.0
talnakh,69.4865,88.3972,62.55,85.0,94.0,3.67,RU,1627436205.0
daigo,36.7667,140.35,87.75,61.0,61.0,6.26,JP,1627436205.0
indiaroba,-11.5192,-37.5117,69.82,94.0,3.0,0.34,BR,1627436206.0
tawau,4.2498,117.8871,86.13,84.0,100.0,5.01,MY,1627436206.0
faya,18.3851,42.4509,63.12,80.0,68.0,5.73,SA,1627436207.0
dunedin,-45.8742,170.5036,51.8,55.0,34.0,8.01,NZ,1627436207.0
vao,-22.6667,167.4833,68.09,63.0,46.0,16.08,NC,1627436207.0
tambun,-6.2641,107.0712,86.04,73.0,47.0,8.05,ID,1627436208.0
qobustan,40.0824,49.412,77.11,48.0,58.0,31.25,AZ,1627436208.0
starosubkhangulovo,53.1031,57.4423,56.26,82.0,40.0,1.57,RU,1627436209.0
wellington,-41.2866,174.7756,56.66,72.0,0.0,4.0,NZ,1627436209.0
ca mau,9.1769,105.15,86.63,65.0,29.0,11.23,VN,1627436209.0
tulun,54.5611,100.5792,73.74,63.0,40.0,3.22,RU,1627436210.0
tornio,65.8481,24.1466,48.22,78.0,43.0,3.18,FI,1627436210.0
jiuquan,39.7432,98.5174,83.59,18.0,55.0,1.92,CN,1627436211.0
kisanga,-7.4362,37.7034,64.02,78.0,0.0,3.13,TZ,1627436211.0
valjala,,,,,,,,
tomohon,1.3346,124.8392,83.34,60.0,17.0,4.79,ID,1627436212.0
cururupu,-1.8283,-44.8683,74.34,91.0,41.0,2.75,BR,1627436212.0
dengzhou,37.8086,120.7508,83.21,67.0,100.0,8.55,CN,1627436213.0
bolungarvik,,,,,,,,
maningrida,-12.0667,134.2667,85.77,42.0,41.0,8.41,AU,1627436213.0
aktash,50.3,87.7333,46.81,89.0,100.0,2.57,RU,1627436213.0
ndele,8.4109,20.6473,66.81,99.0,96.0,2.59,CF,1627436214.0
serenje,-13.2325,30.2352,45.75,71.0,100.0,6.87,ZM,1627436214.0
henties bay,-22.116,14.2845,56.86,83.0,0.0,3.74,NA,1627436215.0
dauriya,49.9333,116.8667,71.58,63.0,4.0,7.54,RU,1627436215.0
lagoa,39.05,-27.9833,70.02,90.0,99.0,7.9,PT,1627436215.0
ha giang,22.8333,104.9833,89.04,67.0,44.0,0.96,VN,1627436216.0
bayir,37.2687,28.2167,81.12,48.0,0.0,5.23,TR,1627436216.0
mugur-aksy,50.35,90.5,55.47,66.0,22.0,4.54,RU,1627436216.0
lalomanu,,,,,,,,
pueblo,38.2545,-104.6091,93.15,26.0,1.0,9.22,US,1627435936.0
coahuayana,18.7333,-103.6833,83.68,91.0,100.0,1.77,MX,1627436217.0
pihani,27.6333,80.2,80.6,89.0,100.0,4.68,IN,1627436217.0
ilhabela,-23.7781,-45.3581,68.31,90.0,79.0,11.05,BR,1627436218.0
saint-georges,12.0564,-61.7485,80.28,83.0,20.0,11.5,GD,1627436218.0
mercedes,-34.6515,-59.4307,47.52,57.0,82.0,12.48,AR,1627436219.0
ghanzi,-21.5667,21.7833,44.89,60.0,0.0,7.72,BW,1627436219.0
touros,-5.1989,-35.4608,74.3,89.0,14.0,10.58,BR,1627436092.0
san andres,12.5847,-81.7006,82.42,83.0,75.0,9.22,CO,1627436001.0
tarbagatay,51.4803,107.3602,65.73,56.0,30.0,5.01,RU,1627436220.0
mnogovershinnyy,53.9353,139.9242,75.72,51.0,100.0,1.54,RU,1627436220.0
poitiers,46.5833,0.3333,60.78,58.0,20.0,6.91,FR,1627436221.0
dakar,14.6937,-17.4441,77.54,79.0,99.0,15.88,SN,1627436221.0
hede,33.7681,120.2517,77.4,95.0,100.0,23.98,CN,1627436221.0
pendleton,45.6721,-118.7886,83.97,40.0,1.0,1.01,US,1627436045.0
agadez,19.75,10.25,81.03,56.0,55.0,5.93,NE,1627436222.0
cabedelo,-6.9811,-34.8339,74.07,85.0,26.0,9.57,BR,1627436222.0
kulhudhuffushi,6.6221,73.07,81.77,77.0,43.0,15.01,MV,1627436223.0
la maddalena,41.2142,9.4083,75.36,83.0,5.0,2.24,IT,1627436223.0
eregli,37.5133,34.0467,64.17,51.0,0.0,6.98,TR,1627436224.0
saint-leu,-21.15,55.2833,67.06,77.0,8.0,8.77,RE,1627436224.0
acari,-15.4311,-74.6158,63.66,77.0,53.0,3.96,PE,1627436224.0
xaltianguis,17.0667,-99.8333,76.51,93.0,90.0,1.41,MX,1627436225.0
kuytun,54.3419,101.5036,73.92,49.0,0.0,4.03,RU,1627436225.0
larimna,38.5667,23.2833,84.33,43.0,0.0,4.18,GR,1627436226.0
karaul,,,,,,,,
qasigiannguit,68.8193,-51.1922,55.65,79.0,97.0,9.57,GL,1627436226.0
muravlenko,63.7898,74.523,54.07,85.0,75.0,10.54,RU,1627436227.0
kemin,42.7846,75.6892,72.32,50.0,2.0,2.06,KG,1627436227.0
ngukurr,,,,,,,,
hofn,64.2539,-15.2082,53.62,85.0,100.0,5.88,IS,1627436228.0
sioux lookout,50.1001,-91.917,77.38,64.0,40.0,0.0,CA,1627436229.0
hun,29.1268,15.9477,75.7,54.0,0.0,1.97,LY,1627436229.0
pensacola,30.4213,-87.2169,85.89,84.0,1.0,1.99,US,1627436229.0
alofi,-19.0595,-169.9187,75.09,94.0,75.0,5.75,NU,1627436230.0
praia da vitoria,38.7333,-27.0667,72.75,94.0,75.0,6.49,PT,1627436230.0
botwood,49.1499,-55.3482,69.31,93.0,86.0,9.78,CA,1627436231.0
ouallam,14.3188,2.0866,80.85,66.0,100.0,5.88,NE,1627436231.0
palmer,42.1584,-72.3287,67.73,85.0,75.0,4.61,US,1627436231.0
kichera,55.9375,110.0997,72.84,49.0,98.0,1.5,RU,1627436232.0
tandil,-37.3217,-59.1332,40.3,92.0,100.0,5.99,AR,1627436232.0
polson,47.6936,-114.1632,87.94,29.0,98.0,4.05,US,1627436233.0
aitape,-3.1374,142.3475,85.24,72.0,19.0,5.7,PG,1627436233.0
zhigansk,66.7697,123.3711,61.36,55.0,75.0,11.43,RU,1627436233.0
balikpapan,-1.2675,116.8289,83.39,79.0,40.0,3.44,ID,1627436234.0
gainesville,29.6516,-82.3248,82.11,90.0,1.0,3.44,US,1627436024.0
